{
  "checkpoint": "/home/ubuntu/defects-gen/finetune-rf-detr/output_glass/checkpoint_best_total.pth",
  "real_full": {
    "AP50_95": 0.2837960244530905,
    "AP50": 0.5587305520145885,
    "AP75": 0.2717209006795239,
    "AR_100": 0.4790720575022462,
    "per_class": {
      "oil": {
        "AP50_95": 0.6371466541005372,
        "AP50": 0.9419925060898273,
        "gt_boxes": 106
      },
      "scratch": {
        "AP50_95": 0.11892632939146552,
        "AP50": 0.3132813566653106,
        "gt_boxes": 280
      },
      "stain": {
        "AP50_95": 0.09531508986726886,
        "AP50": 0.42091779328862783,
        "gt_boxes": 250
      }
    },
    "images": 300,
    "gt_boxes": 636
  },
  "real_unseen": {
    "AP50_95": 0.28995146282090717,
    "AP50": 0.5634611052986928,
    "AP75": 0.27926629805301567,
    "AR_100": 0.479766567908935,
    "per_class": {
      "oil": {
        "AP50_95": 0.653439295950369,
        "AP50": 0.9490798775912973,
        "gt_boxes": 100
      },
      "scratch": {
        "AP50_95": 0.12041790143051226,
        "AP50": 0.32079572459260974,
        "gt_boxes": 265
      },
      "stain": {
        "AP50_95": 0.0959971910818403,
        "AP50": 0.4205077137121712,
        "gt_boxes": 242
      }
    },
    "images": 285,
    "gt_boxes": 607
  }
}