{
  "checkpoint": "checkpoint_best_total.pth",
  "valid": {
    "AP50_95": 0.7575577348577639,
    "AP50": 0.9256846695041,
    "AP75": 0.8409955442823167,
    "AP_small": 0.540083684214776,
    "AP_medium": 0.5991236909099924,
    "AP_large": 0.8183381270270037,
    "AR_100": 0.8111111111111112,
    "per_class": {
      "oil": {
        "AP50_95": 0.9336894751316485,
        "AP50": 1.0,
        "AR": 0.9577777777777777,
        "gt_boxes": 45
      },
      "scratch": {
        "AP50_95": 0.5268158956005757,
        "AP50": 0.7783179646951522,
        "AR": 0.6333333333333333,
        "gt_boxes": 51
      },
      "stain": {
        "AP50_95": 0.8121678338410682,
        "AP50": 0.9987360438171476,
        "AR": 0.8422222222222222,
        "gt_boxes": 45
      }
    },
    "images": 135,
    "gt_boxes": 141
  },
  "test": {
    "AP50_95": 0.7759786264235052,
    "AP50": 0.9660585956185892,
    "AP75": 0.8914331683765566,
    "AP_small": 0.5822346417929576,
    "AP_medium": 0.7197944543906578,
    "AP_large": 0.8477568013743545,
    "AR_100": 0.8186795491143317,
    "per_class": {
      "oil": {
        "AP50_95": 0.8990936930404235,
        "AP50": 1.0,
        "AR": 0.9333333333333333,
        "gt_boxes": 45
      },
      "scratch": {
        "AP50_95": 0.7194268127808522,
        "AP50": 0.9494409133684185,
        "AR": 0.7782608695652173,
        "gt_boxes": 46
      },
      "stain": {
        "AP50_95": 0.70941537344924,
        "AP50": 0.9487348734873488,
        "AR": 0.7444444444444444,
        "gt_boxes": 45
      }
    },
    "images": 135,
    "gt_boxes": 136
  },
  "confusion_matrix_test": {
    "classes": [
      "oil",
      "scratch",
      "stain"
    ],
    "matrix": [
      [
        45.0,
        0.0,
        0.0,
        0.0
      ],
      [
        0.0,
        43.0,
        0.0,
        3.0
      ],
      [
        0.0,
        0.0,
        42.0,
        3.0
      ],
      [
        0.0,
        1.0,
        2.0,
        0.0
      ]
    ]
  },
  "latency_ms_per_image": 17.97992372000408
}