{
  "n_per_class": 360,
  "checkpoint": "checkpoint_best_total.pth",
  "common_test_source": "dataset_360",
  "valid": {
    "AP50_95": 0.7914887748703155,
    "AP50": 0.9376617933765402,
    "AP75": 0.8567597608246122,
    "AP_small": 0.5000440795717632,
    "AP_medium": 0.8213703332977734,
    "AP_large": 0.8770045309797625,
    "AR_100": 0.8536130042139066,
    "per_class": {
      "MT_Blowhole": {
        "AP50_95": 0.7977452500531792,
        "AP50": 0.9839811844961585,
        "gt_boxes": 53
      },
      "MT_Break": {
        "AP50_95": 0.7760934892462492,
        "AP50": 0.9599671131329377,
        "gt_boxes": 48
      },
      "MT_Crack": {
        "AP50_95": 0.6109170198376043,
        "AP50": 0.8095881409143193,
        "gt_boxes": 69
      },
      "MT_Fray": {
        "AP50_95": 0.8042904866554474,
        "AP50": 0.9364506622543718,
        "gt_boxes": 52
      },
      "MT_Uneven": {
        "AP50_95": 0.9683976285590978,
        "AP50": 0.9983218660849136,
        "gt_boxes": 54
      }
    },
    "images": 254,
    "gt_boxes": 276
  },
  "test": {
    "AP50_95": 0.796943419338179,
    "AP50": 0.9270554810029207,
    "AP75": 0.8885392432166854,
    "AP_small": 0.4973822731197684,
    "AP_medium": 0.8104465834068518,
    "AP_large": 0.8948040835453276,
    "AR_100": 0.8672721036823988,
    "per_class": {
      "MT_Blowhole": {
        "AP50_95": 0.8037815659865635,
        "AP50": 0.9737326041948982,
        "gt_boxes": 44
      },
      "MT_Break": {
        "AP50_95": 0.7616881037591462,
        "AP50": 0.914400908567582,
        "gt_boxes": 58
      },
      "MT_Crack": {
        "AP50_95": 0.6295292943859848,
        "AP50": 0.8462609609228527,
        "gt_boxes": 64
      },
      "MT_Fray": {
        "AP50_95": 0.8417779150234608,
        "AP50": 0.924377834011028,
        "gt_boxes": 49
      },
      "MT_Uneven": {
        "AP50_95": 0.94794021753574,
        "AP50": 0.9765050973182426,
        "gt_boxes": 47
      }
    },
    "images": 247,
    "gt_boxes": 262
  },
  "common_test": {
    "AP50_95": 0.796943419338179,
    "AP50": 0.9270554810029207,
    "AP75": 0.8885392432166854,
    "AP_small": 0.4973822731197684,
    "AP_medium": 0.8104465834068518,
    "AP_large": 0.8948040835453276,
    "AR_100": 0.8672721036823988,
    "per_class": {
      "MT_Blowhole": {
        "AP50_95": 0.8037815659865635,
        "AP50": 0.9737326041948982,
        "gt_boxes": 44
      },
      "MT_Break": {
        "AP50_95": 0.7616881037591462,
        "AP50": 0.914400908567582,
        "gt_boxes": 58
      },
      "MT_Crack": {
        "AP50_95": 0.6295292943859848,
        "AP50": 0.8462609609228527,
        "gt_boxes": 64
      },
      "MT_Fray": {
        "AP50_95": 0.8417779150234608,
        "AP50": 0.924377834011028,
        "gt_boxes": 49
      },
      "MT_Uneven": {
        "AP50_95": 0.94794021753574,
        "AP50": 0.9765050973182426,
        "gt_boxes": 47
      }
    },
    "images": 247,
    "gt_boxes": 262
  },
  "latency_ms_per_image": 10.401054860049044
}