{
  "n_per_class": 240,
  "checkpoint": "checkpoint_best_total.pth",
  "common_test_source": "dataset_360",
  "valid": {
    "AP50_95": 0.7720678838266561,
    "AP50": 0.9154987533837374,
    "AP75": 0.8473842328567361,
    "AP_small": 0.48409817698080093,
    "AP_medium": 0.8061470950778871,
    "AP_large": 0.7743358865212093,
    "AR_100": 0.8570473414591062,
    "per_class": {
      "MT_Blowhole": {
        "AP50_95": 0.7722055906240738,
        "AP50": 0.9448182387299502,
        "gt_boxes": 37
      },
      "MT_Break": {
        "AP50_95": 0.7366341133167829,
        "AP50": 0.9209113801733481,
        "gt_boxes": 36
      },
      "MT_Crack": {
        "AP50_95": 0.5964478730991855,
        "AP50": 0.7907870250058934,
        "gt_boxes": 51
      },
      "MT_Fray": {
        "AP50_95": 0.7746470727508116,
        "AP50": 0.9233854719524976,
        "gt_boxes": 36
      },
      "MT_Uneven": {
        "AP50_95": 0.9804047693424277,
        "AP50": 0.9975916510569974,
        "gt_boxes": 36
      }
    },
    "images": 180,
    "gt_boxes": 196
  },
  "test": {
    "AP50_95": 0.7756332283155869,
    "AP50": 0.9253735364440172,
    "AP75": 0.8535988869166359,
    "AP_small": 0.4726997249881641,
    "AP_medium": 0.798202553008101,
    "AP_large": 0.816870499945736,
    "AR_100": 0.8635158052789632,
    "per_class": {
      "MT_Blowhole": {
        "AP50_95": 0.7939417145543394,
        "AP50": 0.964521705548933,
        "gt_boxes": 36
      },
      "MT_Break": {
        "AP50_95": 0.6796324276268807,
        "AP50": 0.8797961456077965,
        "gt_boxes": 40
      },
      "MT_Crack": {
        "AP50_95": 0.652371689158766,
        "AP50": 0.8668014497736144,
        "gt_boxes": 38
      },
      "MT_Fray": {
        "AP50_95": 0.8184127969169266,
        "AP50": 0.9311939258441975,
        "gt_boxes": 37
      },
      "MT_Uneven": {
        "AP50_95": 0.9338075133210223,
        "AP50": 0.9845544554455447,
        "gt_boxes": 36
      }
    },
    "images": 180,
    "gt_boxes": 187
  },
  "common_test": {
    "AP50_95": 0.7580739767516399,
    "AP50": 0.9097565466321944,
    "AP75": 0.8352572902825955,
    "AP_small": 0.4841995451785626,
    "AP_medium": 0.7769169890379949,
    "AP_large": 0.8270758440768455,
    "AR_100": 0.8483126628310899,
    "per_class": {
      "MT_Blowhole": {
        "AP50_95": 0.767457126939021,
        "AP50": 0.9490490396387946,
        "gt_boxes": 44
      },
      "MT_Break": {
        "AP50_95": 0.6864604060498699,
        "AP50": 0.8929613059746435,
        "gt_boxes": 58
      },
      "MT_Crack": {
        "AP50_95": 0.5773441960050987,
        "AP50": 0.7875105237589354,
        "gt_boxes": 64
      },
      "MT_Fray": {
        "AP50_95": 0.8284542962092172,
        "AP50": 0.9387859030569321,
        "gt_boxes": 49
      },
      "MT_Uneven": {
        "AP50_95": 0.9306538585549933,
        "AP50": 0.9804759607316662,
        "gt_boxes": 47
      }
    },
    "images": 247,
    "gt_boxes": 262
  },
  "latency_ms_per_image": 10.497079240012681
}