{
  "n_per_class": 120,
  "checkpoint": "checkpoint_best_total.pth",
  "common_test_source": "dataset_360",
  "valid": {
    "AP50_95": 0.74659916352558,
    "AP50": 0.8990905824576274,
    "AP75": 0.8290758381697035,
    "AP_small": 0.4066536229054251,
    "AP_medium": 0.802391111738763,
    "AP_large": 0.798927675317583,
    "AR_100": 0.8547008547008547,
    "per_class": {
      "MT_Blowhole": {
        "AP50_95": 0.7612865075693482,
        "AP50": 0.9763362614456936,
        "gt_boxes": 18
      },
      "MT_Break": {
        "AP50_95": 0.7102469153048316,
        "AP50": 0.8708456316261663,
        "gt_boxes": 18
      },
      "MT_Crack": {
        "AP50_95": 0.5207541704525869,
        "AP50": 0.7285769821433972,
        "gt_boxes": 26
      },
      "MT_Fray": {
        "AP50_95": 0.7551815466333665,
        "AP50": 0.91969403707288,
        "gt_boxes": 18
      },
      "MT_Uneven": {
        "AP50_95": 0.9855266776677668,
        "AP50": 1.0,
        "gt_boxes": 18
      }
    },
    "images": 90,
    "gt_boxes": 98
  },
  "test": {
    "AP50_95": 0.7255576117968723,
    "AP50": 0.8756884513949417,
    "AP75": 0.8164371706100558,
    "AP_small": 0.3647053681762325,
    "AP_medium": 0.7497518366037222,
    "AP_large": 0.8033274508964693,
    "AR_100": 0.8537001594896333,
    "per_class": {
      "MT_Blowhole": {
        "AP50_95": 0.7712293008233916,
        "AP50": 0.9285891089108911,
        "gt_boxes": 18
      },
      "MT_Break": {
        "AP50_95": 0.5588217339082951,
        "AP50": 0.7584779528690545,
        "gt_boxes": 22
      },
      "MT_Crack": {
        "AP50_95": 0.5027615614843236,
        "AP50": 0.7574898423737673,
        "gt_boxes": 19
      },
      "MT_Fray": {
        "AP50_95": 0.8398507354246368,
        "AP50": 0.9338853528209964,
        "gt_boxes": 18
      },
      "MT_Uneven": {
        "AP50_95": 0.9551247273437139,
        "AP50": 1.0,
        "gt_boxes": 18
      }
    },
    "images": 90,
    "gt_boxes": 95
  },
  "common_test": {
    "AP50_95": 0.7241378915104704,
    "AP50": 0.8705596479187426,
    "AP75": 0.8050621719874653,
    "AP_small": 0.4493588165040251,
    "AP_medium": 0.7561440204098799,
    "AP_large": 0.8132777668950435,
    "AR_100": 0.8568484957095626,
    "per_class": {
      "MT_Blowhole": {
        "AP50_95": 0.7097989772360345,
        "AP50": 0.8776881677877968,
        "gt_boxes": 44
      },
      "MT_Break": {
        "AP50_95": 0.6253207652291368,
        "AP50": 0.8335572443361068,
        "gt_boxes": 58
      },
      "MT_Crack": {
        "AP50_95": 0.5372469267407818,
        "AP50": 0.7425571501800259,
        "gt_boxes": 64
      },
      "MT_Fray": {
        "AP50_95": 0.8068373059038193,
        "AP50": 0.9127217703959882,
        "gt_boxes": 49
      },
      "MT_Uneven": {
        "AP50_95": 0.9414854824425798,
        "AP50": 0.9862739068937951,
        "gt_boxes": 47
      }
    },
    "images": 247,
    "gt_boxes": 262
  },
  "latency_ms_per_image": 10.355558919982286
}