{
  "n_per_class": 120,
  "checkpoint": "checkpoint_best_total.pth",
  "common_test_source": "dataset_240",
  "valid": {
    "AP50_95": 0.6386042088828467,
    "AP50": 0.7936206060792772,
    "AP75": 0.699971574514816,
    "AP_small": 0.337048226625979,
    "AP_medium": 0.613827487786185,
    "AP_large": 0.606256743716806,
    "AR_100": 0.7921136173767753,
    "per_class": {
      "MT_Blowhole": {
        "AP50_95": 0.7566153693892926,
        "AP50": 0.9149462626204161,
        "gt_boxes": 18
      },
      "MT_Break": {
        "AP50_95": 0.4905034443940886,
        "AP50": 0.711010902202435,
        "gt_boxes": 21
      },
      "MT_Crack": {
        "AP50_95": 0.42531503966741846,
        "AP50": 0.6606798053568109,
        "gt_boxes": 22
      },
      "MT_Fray": {
        "AP50_95": 0.618975256014283,
        "AP50": 0.7408720008107835,
        "gt_boxes": 19
      },
      "MT_Uneven": {
        "AP50_95": 0.9016119349491512,
        "AP50": 0.9405940594059405,
        "gt_boxes": 19
      }
    },
    "images": 90,
    "gt_boxes": 99
  },
  "test": {
    "AP50_95": 0.6962699190998768,
    "AP50": 0.8714040804044785,
    "AP75": 0.7753209625464264,
    "AP_small": 0.4369990608895829,
    "AP_medium": 0.6861030769773444,
    "AP_large": 0.6383875496600774,
    "AR_100": 0.8049206349206348,
    "per_class": {
      "MT_Blowhole": {
        "AP50_95": 0.6711247030606897,
        "AP50": 0.8798392382792283,
        "gt_boxes": 18
      },
      "MT_Break": {
        "AP50_95": 0.4993893917680532,
        "AP50": 0.6838051483516435,
        "gt_boxes": 21
      },
      "MT_Crack": {
        "AP50_95": 0.6282508477965933,
        "AP50": 0.8313489856208734,
        "gt_boxes": 21
      },
      "MT_Fray": {
        "AP50_95": 0.7532476356493637,
        "AP50": 0.9620270297706462,
        "gt_boxes": 18
      },
      "MT_Uneven": {
        "AP50_95": 0.9293370172246844,
        "AP50": 1.0,
        "gt_boxes": 18
      }
    },
    "images": 90,
    "gt_boxes": 96
  },
  "common_test": {
    "AP50_95": 0.6980168667965823,
    "AP50": 0.8654300510464633,
    "AP75": 0.7932093701374351,
    "AP_small": 0.4222147689749348,
    "AP_medium": 0.6372659865451147,
    "AP_large": 0.6291714921937682,
    "AR_100": 0.8194040404040405,
    "per_class": {
      "MT_Blowhole": {
        "AP50_95": 0.6683139004908053,
        "AP50": 0.8728860138536128,
        "gt_boxes": 30
      },
      "MT_Break": {
        "AP50_95": 0.5402611777373357,
        "AP50": 0.7527230722173024,
        "gt_boxes": 30
      },
      "MT_Crack": {
        "AP50_95": 0.6123130436809107,
        "AP50": 0.7829943637106092,
        "gt_boxes": 33
      },
      "MT_Fray": {
        "AP50_95": 0.7504337037020211,
        "AP50": 0.9209352021852024,
        "gt_boxes": 36
      },
      "MT_Uneven": {
        "AP50_95": 0.9187625083718387,
        "AP50": 0.9976116032655898,
        "gt_boxes": 36
      }
    },
    "images": 156,
    "gt_boxes": 165
  },
  "latency_ms_per_image": 11.721327219966042
}