{
  "120": {
    "checkpoint": "checkpoint_best_total.pth",
    "real_full": {
      "AP50_95": 0.25151054177625737,
      "AP50": 0.3959504783087204,
      "AP75": 0.27949370943515556,
      "AR_100": 0.6080545637334219,
      "per_class": {
        "MT_Blowhole": {
          "AP50_95": 0.43037751616185765,
          "AP50": 0.686611564373094,
          "gt_boxes": 118
        },
        "MT_Break": {
          "AP50_95": 0.22490865888431963,
          "AP50": 0.3320251570682624,
          "gt_boxes": 118
        },
        "MT_Crack": {
          "AP50_95": 0.05618113566960296,
          "AP50": 0.09280992276017268,
          "gt_boxes": 70
        },
        "MT_Fray": {
          "AP50_95": 0.2311625879769336,
          "AP50": 0.40137069785997237,
          "gt_boxes": 38
        },
        "MT_Uneven": {
          "AP50_95": 0.31492281018857315,
          "AP50": 0.46693504948210074,
          "gt_boxes": 99
        }
      },
      "images": 386,
      "gt_boxes": 443
    },
    "real_unseen": {
      "AP50_95": 0.2529778207751901,
      "AP50": 0.3948153286169959,
      "AP75": 0.2759683231034151,
      "AR_100": 0.605267811996015,
      "per_class": {
        "MT_Blowhole": {
          "AP50_95": 0.42895128377035485,
          "AP50": 0.6838826272336266,
          "gt_boxes": 113
        },
        "MT_Break": {
          "AP50_95": 0.23428905957593305,
          "AP50": 0.3378863668002531,
          "gt_boxes": 109
        },
        "MT_Crack": {
          "AP50_95": 0.03975556050587611,
          "AP50": 0.06746624773141652,
          "gt_boxes": 63
        },
        "MT_Fray": {
          "AP50_95": 0.24464214517748248,
          "AP50": 0.4118769301861966,
          "gt_boxes": 33
        },
        "MT_Uneven": {
          "AP50_95": 0.317251054846304,
          "AP50": 0.47296447113348705,
          "gt_boxes": 94
        }
      },
      "images": 361,
      "gt_boxes": 412
    }
  },
  "240": {
    "checkpoint": "checkpoint_best_total.pth",
    "real_full": {
      "AP50_95": 0.2276750308060657,
      "AP50": 0.3914537275170403,
      "AP75": 0.2424108527487839,
      "AR_100": 0.5789579161051062,
      "per_class": {
        "MT_Blowhole": {
          "AP50_95": 0.3319316411568267,
          "AP50": 0.5689970151847922,
          "gt_boxes": 118
        },
        "MT_Break": {
          "AP50_95": 0.20989131606775918,
          "AP50": 0.368348758530024,
          "gt_boxes": 118
        },
        "MT_Crack": {
          "AP50_95": 0.07575396730985352,
          "AP50": 0.1353259451720782,
          "gt_boxes": 70
        },
        "MT_Fray": {
          "AP50_95": 0.17743150252238937,
          "AP50": 0.39168847964810904,
          "gt_boxes": 38
        },
        "MT_Uneven": {
          "AP50_95": 0.3433667269734996,
          "AP50": 0.4929084390501983,
          "gt_boxes": 99
        }
      },
      "images": 386,
      "gt_boxes": 443
    },
    "real_unseen": {
      "AP50_95": 0.22354862843260956,
      "AP50": 0.3750617631817969,
      "AP75": 0.2338251767072408,
      "AR_100": 0.5777791557979294,
      "per_class": {
        "MT_Blowhole": {
          "AP50_95": 0.3271907513671311,
          "AP50": 0.5598105705521782,
          "gt_boxes": 113
        },
        "MT_Break": {
          "AP50_95": 0.21486164693011375,
          "AP50": 0.35656572322054053,
          "gt_boxes": 109
        },
        "MT_Crack": {
          "AP50_95": 0.05315931220192753,
          "AP50": 0.09653980111131645,
          "gt_boxes": 63
        },
        "MT_Fray": {
          "AP50_95": 0.1815298526126599,
          "AP50": 0.36836612450087175,
          "gt_boxes": 33
        },
        "MT_Uneven": {
          "AP50_95": 0.34100157905121564,
          "AP50": 0.49402659652407793,
          "gt_boxes": 94
        }
      },
      "images": 361,
      "gt_boxes": 412
    }
  },
  "360": {
    "checkpoint": "checkpoint_best_total.pth",
    "real_full": {
      "AP50_95": 0.21010735318208776,
      "AP50": 0.36449493841033753,
      "AP75": 0.21449285387934686,
      "AR_100": 0.5361040119559299,
      "per_class": {
        "MT_Blowhole": {
          "AP50_95": 0.3003243633152454,
          "AP50": 0.544044542259226,
          "gt_boxes": 118
        },
        "MT_Break": {
          "AP50_95": 0.19048153500042658,
          "AP50": 0.29425813902761844,
          "gt_boxes": 118
        },
        "MT_Crack": {
          "AP50_95": 0.08081847919182156,
          "AP50": 0.13411746876681005,
          "gt_boxes": 70
        },
        "MT_Fray": {
          "AP50_95": 0.1894192120877283,
          "AP50": 0.3883606888366039,
          "gt_boxes": 38
        },
        "MT_Uneven": {
          "AP50_95": 0.2894931763152167,
          "AP50": 0.46169385316142914,
          "gt_boxes": 99
        }
      },
      "images": 386,
      "gt_boxes": 443
    },
    "real_unseen": {
      "AP50_95": 0.20831548467962452,
      "AP50": 0.34990486148258715,
      "AP75": 0.20707957403437452,
      "AR_100": 0.5404911284210264,
      "per_class": {
        "MT_Blowhole": {
          "AP50_95": 0.30106134602883833,
          "AP50": 0.5385237921763366,
          "gt_boxes": 113
        },
        "MT_Break": {
          "AP50_95": 0.1925266388138967,
          "AP50": 0.2971771055611165,
          "gt_boxes": 109
        },
        "MT_Crack": {
          "AP50_95": 0.060664733146414775,
          "AP50": 0.10071592426561456,
          "gt_boxes": 63
        },
        "MT_Fray": {
          "AP50_95": 0.19494791783372464,
          "AP50": 0.343459781310219,
          "gt_boxes": 33
        },
        "MT_Uneven": {
          "AP50_95": 0.29237678757524804,
          "AP50": 0.469647704099649,
          "gt_boxes": 94
        }
      },
      "images": 361,
      "gt_boxes": 412
    }
  }
}