{
  "n_per_class": 240,
  "checkpoint": "checkpoint_best_total.pth",
  "common_test_source": "dataset_240",
  "valid": {
    "AP50_95": 0.732186842690426,
    "AP50": 0.8751233803590087,
    "AP75": 0.7990980314042261,
    "AP_small": 0.3495873147850737,
    "AP_medium": 0.7110512132093385,
    "AP_large": 0.7673856888478422,
    "AR_100": 0.8371834744203166,
    "per_class": {
      "MT_Blowhole": {
        "AP50_95": 0.6747107113370642,
        "AP50": 0.8495317907272876,
        "gt_boxes": 26
      },
      "MT_Break": {
        "AP50_95": 0.7026965669026185,
        "AP50": 0.8463134113143007,
        "gt_boxes": 39
      },
      "MT_Crack": {
        "AP50_95": 0.5761427625234233,
        "AP50": 0.8103373475500197,
        "gt_boxes": 48
      },
      "MT_Fray": {
        "AP50_95": 0.7833805118187357,
        "AP50": 0.9189393026984851,
        "gt_boxes": 38
      },
      "MT_Uneven": {
        "AP50_95": 0.9240036608702887,
        "AP50": 0.9504950495049505,
        "gt_boxes": 22
      }
    },
    "images": 153,
    "gt_boxes": 173
  },
  "test": {
    "AP50_95": 0.7723114794185214,
    "AP50": 0.9256836063590871,
    "AP75": 0.8585667717574488,
    "AP_small": 0.5537913420655235,
    "AP_medium": 0.7577683803304842,
    "AP_large": 0.7473172125247279,
    "AR_100": 0.8544848484848485,
    "per_class": {
      "MT_Blowhole": {
        "AP50_95": 0.7465891901625252,
        "AP50": 0.9437685358397588,
        "gt_boxes": 30
      },
      "MT_Break": {
        "AP50_95": 0.6303121677192491,
        "AP50": 0.8431847422193958,
        "gt_boxes": 30
      },
      "MT_Crack": {
        "AP50_95": 0.7119795410231644,
        "AP50": 0.8985538514896555,
        "gt_boxes": 33
      },
      "MT_Fray": {
        "AP50_95": 0.82590779382648,
        "AP50": 0.9483114423006308,
        "gt_boxes": 36
      },
      "MT_Uneven": {
        "AP50_95": 0.946768704361188,
        "AP50": 0.9945994599459944,
        "gt_boxes": 36
      }
    },
    "images": 156,
    "gt_boxes": 165
  },
  "common_test": {
    "AP50_95": 0.7723114794185214,
    "AP50": 0.9256836063590871,
    "AP75": 0.8585667717574488,
    "AP_small": 0.5537913420655235,
    "AP_medium": 0.7577683803304842,
    "AP_large": 0.7473172125247279,
    "AR_100": 0.8544848484848485,
    "per_class": {
      "MT_Blowhole": {
        "AP50_95": 0.7465891901625252,
        "AP50": 0.9437685358397588,
        "gt_boxes": 30
      },
      "MT_Break": {
        "AP50_95": 0.6303121677192491,
        "AP50": 0.8431847422193958,
        "gt_boxes": 30
      },
      "MT_Crack": {
        "AP50_95": 0.7119795410231644,
        "AP50": 0.8985538514896555,
        "gt_boxes": 33
      },
      "MT_Fray": {
        "AP50_95": 0.82590779382648,
        "AP50": 0.9483114423006308,
        "gt_boxes": 36
      },
      "MT_Uneven": {
        "AP50_95": 0.946768704361188,
        "AP50": 0.9945994599459944,
        "gt_boxes": 36
      }
    },
    "images": 156,
    "gt_boxes": 165
  },
  "latency_ms_per_image": 11.317912340018665
}