{
  "checkpoint": "checkpoint_best_total.pth",
  "valid": {
    "AP50_95": 0.7275117126346192,
    "AP50": 0.8904511022244052,
    "AP75": 0.8139914874082802,
    "AP_small": 0.5649436650642302,
    "AP_medium": 0.721976019051597,
    "AP_large": 0.716340092782676,
    "AR_100": 0.8340833333333333,
    "per_class": {
      "MT_Blowhole": {
        "AP50_95": 0.6771455824755195,
        "AP50": 0.8940978866794242,
        "AR": 0.7999999999999999,
        "gt_boxes": 21
      },
      "MT_Break": {
        "AP50_95": 0.900990099009901,
        "AP50": 1.0,
        "AR": 0.9,
        "gt_boxes": 2
      },
      "MT_Crack": {
        "AP50_95": 0.5567394028850892,
        "AP50": 0.7592053688379432,
        "AR": 0.66875,
        "gt_boxes": 16
      },
      "MT_Fray": {
        "AP50_95": 0.6302753520391564,
        "AP50": 0.7989522556046579,
        "AR": 0.8566666666666665,
        "gt_boxes": 30
      },
      "MT_Uneven": {
        "AP50_95": 0.8724081267634302,
        "AP50": 1.0,
        "AR": 0.9450000000000001,
        "gt_boxes": 20
      }
    },
    "images": 85,
    "gt_boxes": 89
  },
  "test": {
    "AP50_95": 0.6881772545326774,
    "AP50": 0.8506016476300776,
    "AP75": 0.7643708753418753,
    "AP_small": 0.5158426676000933,
    "AP_medium": 0.6285151216903166,
    "AP_large": 0.72149917031972,
    "AR_100": 0.8347095839731956,
    "per_class": {
      "MT_Blowhole": {
        "AP50_95": 0.7231104249023512,
        "AP50": 0.9158425759005102,
        "AR": 0.8578947368421052,
        "gt_boxes": 19
      },
      "MT_Break": {
        "AP50_95": 0.5011969448418953,
        "AP50": 0.6648846887582174,
        "AR": 0.7692307692307693,
        "gt_boxes": 26
      },
      "MT_Crack": {
        "AP50_95": 0.6699545630872074,
        "AP50": 0.8235497757920589,
        "AR": 0.73125,
        "gt_boxes": 16
      },
      "MT_Fray": {
        "AP50_95": 0.7133826931628884,
        "AP50": 0.9148083936544916,
        "AR": 0.8551724137931034,
        "gt_boxes": 29
      },
      "MT_Uneven": {
        "AP50_95": 0.8332416466690449,
        "AP50": 0.9339228040451107,
        "AR": 0.96,
        "gt_boxes": 20
      }
    },
    "images": 105,
    "gt_boxes": 110
  },
  "confusion_matrix_test": {
    "classes": [
      "MT_Blowhole",
      "MT_Break",
      "MT_Crack",
      "MT_Fray",
      "MT_Uneven"
    ],
    "matrix": [
      [
        12.0,
        0.0,
        1.0,
        3.0,
        0.0,
        3.0
      ],
      [
        0.0,
        18.0,
        0.0,
        0.0,
        0.0,
        8.0
      ],
      [
        0.0,
        0.0,
        14.0,
        0.0,
        0.0,
        2.0
      ],
      [
        0.0,
        0.0,
        2.0,
        25.0,
        0.0,
        2.0
      ],
      [
        0.0,
        1.0,
        0.0,
        0.0,
        18.0,
        1.0
      ],
      [
        0.0,
        9.0,
        0.0,
        2.0,
        0.0,
        0.0
      ]
    ]
  },
  "latency_ms_per_image": 11.16447614000208
}